objectNumber,numberOfObjects,numberValue,numberType,title,titleLanguage,titleTranslation,titleTranslationLanguage,publishTo,inventoryStatus,objectName,responsibleDepartment,collection,recordStatus,briefDescription,comments,measuredPart,dimensionSummary,dimension,value,measurementUnit,contentPerson,copyNumber,editionNumber,form,inscriber,method,material,objectStatus,phase,sex,style,techAttribute,objectComponentName,productionDate,productionOrg,organizationRole,productionPeople,productionPeopleRole,productionPerson,personRole,productionPlace,productionNote,assocPeople,assocPeopleType,technique,fieldCollectionEventName,fieldCollectionNote,fieldCollectionFeature
20CS.001.0001,1,123456;98765,lender;obsolete,A Man; A Woman,English; English,Un Homme^^Hombre; Une Femme^^Fraulein,French^^Spanish; French^^German,omeka,accessioned;destroyed,drawing; Sheet music,prints-drawings,permanent-collection,approved,Ut consequat semper viverra nam libero justo laoreet sit amet cursus sit amet dictum sit.,"This record contains sample data provided by CollectionSpace community members. While the record may reference real artworks, people, and organizations, the information should not be read as an accurate description of any artwork, person, or organization, or of relationships among them.",unframed,8.5 x 11,height; width,8.5; 11,inches; inches,Inoke Aloha,One,Two,dry,Patricia Johnson,incised,marker; paper,copy,adult,male,fauve,record-speed,blade,2015,Admiral Corporation,distributor,Sample Culture; Sample Culture 2,Production people role text.;Production people role text2,Eleanor Brown,artist,"Louisville, KY",Production note text.,Native American,assocPeopleTypeOne,pen and ink,Kindergarten,Field collection note text.,Field collection feature text.
20CS.001.0002,1,,,Rainbow,English,,,,,drawing,prints-drawings,permanent-collection,approved,Sed cras ornare arcu dui vivamus arcu felis bibendum ut tristique et egestas quis ipsum.,"This record contains sample data provided by CollectionSpace community members. While the record may reference real artworks, people, and organizations, the information should not be read as an accurate description of any artwork, person, or organization, or of relationships among them.",unframed,8.5 x 11,height; width,8.5; 11,inches,,,,,,,marker; paper,,,,,,,2015,,,,,Eleanor Brown,artist,"Louisville, KY",,,,,,,
20CS.001.0003,1,,,Cloudy Day,English,,,,,drawing,prints-drawings,permanent-collection,approved,Integer eget aliquet nibh praesent tristique magna sit amet purus gravida quis blandit turpis cursus.,"This record contains sample data provided by CollectionSpace community members. While the record may reference real artworks, people, and organizations, the information should not be read as an accurate description of any artwork, person, or organization, or of relationships among them.",unframed,8.5 x 11,height; width,8.5; 11,inches,,,,,,,marker; paper,,,,,,,2015,,,,,Eleanor Brown,artist,"Louisville, KY",,,,,,,
20CS.001.0004,1,,,Dots Dots Dots,English,,,,,drawing,prints-drawings,permanent-collection,approved,Morbi tincidunt augue interdum velit euismod in pellentesque massa placerat duis ultricies lacus sed turpis.,"This record contains sample data provided by CollectionSpace community members. While the record may reference real artworks, people, and organizations, the information should not be read as an accurate description of any artwork, person, or organization, or of relationships among them.",unframed,8.5 x 11,height; width,8.5; 11,inches,,,,,,,marker; paper,,,,,,,2015,,,,,Eleanor Brown,artist,"Louisville, KY",,,,,,,
20CS.001.0005,1,,,Untitled (Watercolor I),English,,,,,painting,paintings-sculpture,permanent-collection,approved,Vestibulum lorem sed risus ultricies tristique nulla aliquet enim tortor at auctor urna nunc id.,"This record contains sample data provided by CollectionSpace community members. While the record may reference real artworks, people, and organizations, the information should not be read as an accurate description of any artwork, person, or organization, or of relationships among them.",unframed,8.75 x 12,height; width,8.75; 12,inches,,,,,,,watercolor; paper,,,,,,,2015,,,,,Eleanor Brown,artist,"Louisville, KY",,,,,,,
20CS.001.0006,1,,,Garden,English,,,,,painting,paintings-sculpture,permanent-collection,approved,Gravida cum sociis natoque penatibus et magnis dis parturient montes nascetur ridiculus mus mauris vitae.,"This record contains sample data provided by CollectionSpace community members. While the record may reference real artworks, people, and organizations, the information should not be read as an accurate description of any artwork, person, or organization, or of relationships among them.",unframed,9 x 12,height; width,9; 12,inches,,,,,,,acrylic paint; construction paper,,,,,,,2015,,,,,Eleanor Brown,artist,"Louisville, KY",,,,,,,
20CS.001.0007,1,,,Fireworks,English,,,,,painting,paintings-sculpture,permanent-collection,approved,Sit amet mattis vulputate enim nulla aliquet porttitor lacus luctus accumsan tortor posuere ac ut.,"This record contains sample data provided by CollectionSpace community members. While the record may reference real artworks, people, and organizations, the information should not be read as an accurate description of any artwork, person, or organization, or of relationships among them.",unframed,9 x 12,height; width,9; 12,inches,,,,,,,acrylic paint; construction paper,,,,,,,2015,,,,,Eleanor Brown,artist,"Louisville, KY",,,,,,,
20CS.001.0008,1,,,Untitled (Watercolor II),English,,,,,painting,paintings-sculpture,permanent-collection,approved,Nisl suscipit adipiscing bibendum est ultricies integer quis auctor elit sed vulputate mi sit amet.,"This record contains sample data provided by CollectionSpace community members. While the record may reference real artworks, people, and organizations, the information should not be read as an accurate description of any artwork, person, or organization, or of relationships among them.",unframed,9 x 12,height; width,9; 12,inches,,,,,,,watercolor; paper,,,,,,,2015,,,,,Eleanor Brown,artist,"Louisville, KY",,,,,,,
20CS.001.0009,1,,,Cyclone,English,,,,,drawing,prints-drawings,permanent-collection,approved,Eget nulla facilisi etiam dignissim diam quis enim lobortis scelerisque fermentum dui faucibus in ornare.,"This record contains sample data provided by CollectionSpace community members. While the record may reference real artworks, people, and organizations, the information should not be read as an accurate description of any artwork, person, or organization, or of relationships among them.",unframed,8.5 x 11,height; width,8.5; 11,inches,,,,,,,marker; paper,,,,,,,2015,,,,,Eleanor Brown,artist,"Louisville, KY",,,,,,,
20CS.001.0010,1,,,Blue Monday,English,,,,,drawing,prints-drawings,permanent-collection,approved,Non quam lacus suspendisse faucibus interdum posuere lorem ipsum dolor sit amet consectetur adipiscing elit.,"This record contains sample data provided by CollectionSpace community members. While the record may reference real artworks, people, and organizations, the information should not be read as an accurate description of any artwork, person, or organization, or of relationships among them.",unframed,8.5 x 11,height; width,8.5; 11,inches,,,,,,,marker; paper,,,,,,,2015,,,,,Eleanor Brown,artist,"Louisville, KY",,,,,,,
20CS.018.1395,1,,,Souvenir books. The Wiz Scrapbook.,English,,,,,Souvenir books,,,approved,,"This record contains sample data provided by CollectionSpace community members. While the record may reference real artworks, people, and organizations, the information should not be read as an accurate description of any artwork, person, or organization, or of relationships among them.",unframed,11 x 8.5 x .5,height; width; depth,11; 8.5; .5,inches,,,,,,,paper,,,,,,,1978,Berkley Publising Group,publisher,,,Richard J. Anobile,author,"Louisville, KY",,,,,,,
20CS.008.0033a-d,1,,,Window cards. Applause.,English,,,,,Window cards,,,approved,,"This record contains sample data provided by CollectionSpace community members. While the record may reference real artworks, people, and organizations, the information should not be read as an accurate description of any artwork, person, or organization, or of relationships among them.",unframed,22 x 14,height; width,22; 14,inches,Helen Morgan,,,,,,paper,,,,,,,1930,Paramount-Famous Lasky Corporation,distributor,,,,,,,,,lithography,,,
20CS.075.0084-.0094,1,,,Souvenir books. The Big Broadcast.,English,,,,,Souvenir books,,,approved,,"This record contains sample data provided by CollectionSpace community members. While the record may reference real artworks, people, and organizations, the information should not be read as an accurate description of any artwork, person, or organization, or of relationships among them.",unframed,9 x 6,height; width,9; 6,inches,,,,,,,paper,,,,,,,1932,Paramount Publix Corporation,distributor,,,,,,,,,,,,
20CS.075.0085,1,,,Campaign books. The New Show World 1929-1930.,English,,,,,Campaign books,,,approved,,"This record contains sample data provided by CollectionSpace community members. While the record may reference real artworks, people, and organizations, the information should not be read as an accurate description of any artwork, person, or organization, or of relationships among them.",unframed,12.5 x 9.75,height; width,12.5; 9.75,inches,Clara Bow; Harold Lloyd,,,,,,paper,,,,,,,1929,Paramount-Famous Lasky Corporation,distributor,,,,,,,,,,,,
20CS.034.0001,1,,,Jackets. Monsieur Beaucaire.,English,,,,,Jackets,,,approved,,"This record contains sample data provided by CollectionSpace community members. While the record may reference real artworks, people, and organizations, the information should not be read as an accurate description of any artwork, person, or organization, or of relationships among them.",,,,,,,,,,,,textile,,,,,,,1924,,,,,Georges Barbier,designer,,,,,,,,
20CS.107.0001,1,,,Sheet music. You Brought a New Kind of Love to Me.,English,,,,,Sheet music,,,approved,,"This record contains sample data provided by CollectionSpace community members. While the record may reference real artworks, people, and organizations, the information should not be read as an accurate description of any artwork, person, or organization, or of relationships among them.",,,,,,,,,,,,paper,,,,,,,1930,Famous Music Corporation,publisher,,,,,,,,,,,,
20CS.067.0001a,1,,,Souvenir books. The Smiling Lieutenant.,English,,,,,Souvenir books,,,approved,,"This record contains sample data provided by CollectionSpace community members. While the record may reference real artworks, people, and organizations, the information should not be read as an accurate description of any artwork, person, or organization, or of relationships among them.",unframed,12 x 8,height; width,12; 8,inches,Maurice Chevalier,,,,,,paper,,,,,,,1931,Paramount Publix Corporation,licensor,,,,,,,,,,,,
20CS.008.0006a-f,1,,,Sheet music. Do Something.,English,,,,,Sheet music,,,approved,,"This record contains sample data provided by CollectionSpace community members. While the record may reference real artworks, people, and organizations, the information should not be read as an accurate description of any artwork, person, or organization, or of relationships among them.",unframed,12 x 9,height; width,12; 9,inches,,,,,,,paper,,,,,,,1929,,,,,Bud Green,author,,,,,,,,
20CS.017.0004,1,,,"Sheet music. What Do You Do Sunday, Mary?",English,,,,,Sheet music,,,approved,,"This record contains sample data provided by CollectionSpace community members. While the record may reference real artworks, people, and organizations, the information should not be read as an accurate description of any artwork, person, or organization, or of relationships among them.",unframed,12 x 9,height; width,12; 9,inches,,,,,,,paper,,,,,,,1923,,,,,,,,,,,,,,
20CS.031.0001,1,,,Sheet music. I'm Getting So Now I Don't Care.,English,,,,,Sheet music,,,approved,,"This record contains sample data provided by CollectionSpace community members. While the record may reference real artworks, people, and organizations, the information should not be read as an accurate description of any artwork, person, or organization, or of relationships among them.",unframed,12 x 9,height; width,12; 9,inches,Rudolph Valentino,,,,,,paper,,,,,,,1924,,,,,,,,,,,,,,
20CS.003.0006,1,,,Sheet music. Alone.,English,,,,,Sheet music,,,approved,,"This record contains sample data provided by CollectionSpace community members. While the record may reference real artworks, people, and organizations, the information should not be read as an accurate description of any artwork, person, or organization, or of relationships among them.",unframed,12 x 9,height; width,12; 9,inches,,,,,,,paper,,,,,,,1935,Robbins Music Corporation,publisher,,,,,,,,,,,,
20CS.038.0009,1,,,Sheet music. Please.,English,,,,,Sheet music,,,approved,,"This record contains sample data provided by CollectionSpace community members. While the record may reference real artworks, people, and organizations, the information should not be read as an accurate description of any artwork, person, or organization, or of relationships among them.",unframed,12 x 9,height; width,12; 9,inches,Bing Crosby,,,,,,paper,,,,,,,1932,Famous Music Corporation,publisher,,,,,,,,,,,,
20CS.075.0360a-e,1,,,Window cards. Fast and Loose.,English,,,,,Window cards,,,approved,,"This record contains sample data provided by CollectionSpace community members. While the record may reference real artworks, people, and organizations, the information should not be read as an accurate description of any artwork, person, or organization, or of relationships among them.",unframed,22 x 14,height; width,22; 14,inches,,,,,,,paper,,,,,,,1930,Paramount-Famous Lasky Corporation,,,,,,,,,,,,,
20CS.054.0056,1,,,Playsets. Admiral Television Studio.,English,,,,,Playsets,,,approved,,"This record contains sample data provided by CollectionSpace community members. While the record may reference real artworks, people, and organizations, the information should not be read as an accurate description of any artwork, person, or organization, or of relationships among them.",unframed,16.5 x 15.25,height; width,16.5; 15.25,inches,,,,,,,plastic,,,,,,,1953,Admiral Corporation,distributor,,,,,,,,,,,,
20CS.080a-d,1,,,Lobby cards. Zaza.,English,,,,,Lobby cards,,,approved,,"This record contains sample data provided by CollectionSpace community members. While the record may reference real artworks, people, and organizations, the information should not be read as an accurate description of any artwork, person, or organization, or of relationships among them.",unframed,11 x 14,height; width,11; 14,inches,,,,,,,paper,,,,,,,1923,Paramount Pictures,distributor,,,,,,,,,,,,
20CS.064.0068g,1,,,Lobby cards. Her Love Story.,English,,,,,Lobby cards,,,approved,,"This record contains sample data provided by CollectionSpace community members. While the record may reference real artworks, people, and organizations, the information should not be read as an accurate description of any artwork, person, or organization, or of relationships among them.",unframed,11 x 14,height; width,11; 14,inches,,,,,,,paper,,,,,,,1924,,,,,,,,,,,,,,
20CS.024.0027,1,,,Lobby cards. A Sainted Devil.,English,,,,,Lobby cards,,,approved,,"This record contains sample data provided by CollectionSpace community members. While the record may reference real artworks, people, and organizations, the information should not be read as an accurate description of any artwork, person, or organization, or of relationships among them.",unframed,11 x 14,height; width,11; 14,inches,,,,,,,paper,,,,,,,1924,Paramount Pictures,distributor,,,,,,,,,,,,
20CS.273,1,,,Lobby cards. The Potters.,English,,,,,Lobby cards,,,approved,,"This record contains sample data provided by CollectionSpace community members. While the record may reference real artworks, people, and organizations, the information should not be read as an accurate description of any artwork, person, or organization, or of relationships among them.",unframed,11 x 14,height; width,11; 14,inches,,,,,,,paper,,,,,,,1927,Paramount Pictures,distributor,,,,,,,,,,,,
20CS.021.0171,1,,,Lobby cards. The Crowded Hour.,English,,,,,Lobby cards,,,approved,,"This record contains sample data provided by CollectionSpace community members. While the record may reference real artworks, people, and organizations, the information should not be read as an accurate description of any artwork, person, or organization, or of relationships among them.",unframed,11 x 14,height; width,11; 14,inches,,,,,,,paper,,,,,,,1925,Paramount Pictures,distributor,,,,,,,,,,,,
20CS.002.0031,1,,,Dresses. Orphans of the Storm.,English,,,,,Dresses,,,approved,,"This record contains sample data provided by CollectionSpace community members. While the record may reference real artworks, people, and organizations, the information should not be read as an accurate description of any artwork, person, or organization, or of relationships among them.",,61 x 22.5,height; width,61; 22.5,inches,,,,,,,textile,,,,,,,1921,,,,,Herman Patrick Tappe,designer,,,,,,,,
20CS.096.0018,1,,,Dresses. When Knighthood Was in Flower.,English,,,,,Dresses,,,approved,,"This record contains sample data provided by CollectionSpace community members. While the record may reference real artworks, people, and organizations, the information should not be read as an accurate description of any artwork, person, or organization, or of relationships among them.",,Size 8,,,,,,,,,,fur; textile,,,,,,,,,,,,,,,,,,,,,
20CS.096.0032,1,,,Capes. A Kiss for Cinderella.,English,,,,,Capes,,,approved,,"This record contains sample data provided by CollectionSpace community members. While the record may reference real artworks, people, and organizations, the information should not be read as an accurate description of any artwork, person, or organization, or of relationships among them.",,Men's 38,,,,,,,,,,textile,,,,,,,1925,Eaves Costume Company,manufacturer,,,,,,,,,,,,
20CS.096.0044,1,,,Jackets. The Scarlet Letter.,English,,,,,Jackets,,,approved,,"This record contains sample data provided by CollectionSpace community members. While the record may reference real artworks, people, and organizations, the information should not be read as an accurate description of any artwork, person, or organization, or of relationships among them.",,,,,,,,,,,,textile,,,,,,,1926,Eaves Costume Company,manufacturer,,,,,,,,,,,,
20CS.096.0056,1,,,Coats. A Kiss For Cinderella.,English,,,,,Coats,,,approved,,"This record contains sample data provided by CollectionSpace community members. While the record may reference real artworks, people, and organizations, the information should not be read as an accurate description of any artwork, person, or organization, or of relationships among them.",,,,,,,,,,,,textile,,,,,,,1925,Eaves Costume Company,manufacturer,,,,,,,,,,,,
20CS.040.0013,1,,,Coats. Little Old New York.,English,,,,,Coats,,,approved,,"This record contains sample data provided by CollectionSpace community members. While the record may reference real artworks, people, and organizations, the information should not be read as an accurate description of any artwork, person, or organization, or of relationships among them.",,Men's 38,,,,,,,,,,textile,,,,,,,1923,Eaves Costume Company,manufacturer,,,,,,,,,,,,
20CS.049.0008,1,,,Rampe,Danish,Ramp,English,,,,,,approved,,"This record contains sample data provided by CollectionSpace community members. While the record may reference real artworks, people, and organizations, the information should not be read as an accurate description of any artwork, person, or organization, or of relationships among them.",,315 x 980 x 150,height; width; depth,315; 980; 150,cm,,,,,,,plaster; glass,,,,,,,1973,,,,,"Nørgaard, Bjørn",artist,,,,,,,,
20CS.019.0160,1,,,Gipsobjekt,Danish,Plaster Object,English,,,,,,approved,,"This record contains sample data provided by CollectionSpace community members. While the record may reference real artworks, people, and organizations, the information should not be read as an accurate description of any artwork, person, or organization, or of relationships among them.",,220 x 315 x 225,height; width; depth,220; 315; 225,cm,,,,,,,plaster; wood; wire,,,,,,,1967,,,,,,,,,,,,,,
20CS.037.0001,1,,,I de dage Paven kom til Damaskus,Danish,In those Days the Pope Came to Damascus,English,,,,,,approved,,"This record contains sample data provided by CollectionSpace community members. While the record may reference real artworks, people, and organizations, the information should not be read as an accurate description of any artwork, person, or organization, or of relationships among them.",,668 x 670 x 15,height; width; depth,668; 670; 15,cm,,,,,,,color intaglio,,,,,,,2002,,,,,,,,,,,,,,
20CS.004.0005-.0007,1,,,"Skitseblad med udkast til ""Glasmodeller"" m.m.",Danish,"Sketch sheet with draft ""Glass Models"" etc.",English,,,,,,approved,,"This record contains sample data provided by CollectionSpace community members. While the record may reference real artworks, people, and organizations, the information should not be read as an accurate description of any artwork, person, or organization, or of relationships among them.",,245 x 338,height; width,245; 338,cm,,,,,,,pen; black marker pen; blue pen,,,,,,,1967,,,,,,,,,,,,,,
20CS.004.0008,1,,,"Skitseblad med skitser af ""Overhældninger med gibs""",Danish,"Sketch sheet with sketches of ""Over Slopes with plaster""",English,,,,,,approved,,"This record contains sample data provided by CollectionSpace community members. While the record may reference real artworks, people, and organizations, the information should not be read as an accurate description of any artwork, person, or organization, or of relationships among them.",,101 x 145,height; width,101; 145,cm,,,,,,,blue pen,,,,,,,1967,,,,,,,,,,,,,,
20CS.003.0131,1,,,"Notatark til Ta's skulpturfestival, Galleri 101, St. Kongengsgade, september",Danish,"Notepads to Ta's sculpture festival, Gallery 101, St. Kongengsgade, September",English,,,,,,approved,,"This record contains sample data provided by CollectionSpace community members. While the record may reference real artworks, people, and organizations, the information should not be read as an accurate description of any artwork, person, or organization, or of relationships among them.",,245 x 171,height; width,245; 171,cm,,,,,,,blue pen,,,,,,,1967,,,,,,,,,,,On the back of the fragment of printed regnskabsark from Danish mortgages,,,
20CS.003.0132,1,,,"Skitseblad med plan over Bjørn Nørgaards bidrag til Ta's skulpturfestival, september",Danish,Sketch sheet with the level of Bjørn Nørgaard's contribution to Ta's sculpture festival in September,English,,,,,,approved,,"This record contains sample data provided by CollectionSpace community members. While the record may reference real artworks, people, and organizations, the information should not be read as an accurate description of any artwork, person, or organization, or of relationships among them.",,174 x 146,height; width,174; 146,cm,,,,,,,blue pen,,,,,,,1967,,,,,,,,,,,On the back of the fragment of printed regnskabsark from Danish mortgages,,,
20CS.003.0261,1,,,Skitseblad med udkast til skulpturelle objekter; ikke udførte,Danish,Sketch sheet with draft sculptural objects; not performed,English,,,,,,approved,,"This record contains sample data provided by CollectionSpace community members. While the record may reference real artworks, people, and organizations, the information should not be read as an accurate description of any artwork, person, or organization, or of relationships among them.",,218 x 341,height; width,218; 341,cm,,,,,,,pencil,,,,,,,1982,,,,,,,,,,,,,,
20CS.003.0267,1,,,Skitseblad med udkast til opstilling af standere og objekter på en udstilling på Vrå højskole,Danish,Sketch sheet with draft layout of the stands and objects on an exhibition at Vraa School,English,,,,,,approved,,"This record contains sample data provided by CollectionSpace community members. While the record may reference real artworks, people, and organizations, the information should not be read as an accurate description of any artwork, person, or organization, or of relationships among them.",,175 x 245,height; width,175; 245,cm,,,,,,,blue-black pen,,,,,,,1967,,,,,,,,,,,,,,
20CS.024.0010a-b,1,,,Skitsebogsblad,Danish,Sketch Book Magazine,English,,,,,,approved,,"This record contains sample data provided by CollectionSpace community members. While the record may reference real artworks, people, and organizations, the information should not be read as an accurate description of any artwork, person, or organization, or of relationships among them.",,125 x 200,height; width,125; 200,cm,,,,,,,blue pen,,,,,,,1967,,,,,,,,,,,,,,
20CS.024.0013a-b,1,,,"Skitseblad med selvportræt, bivouak og skulpturelle objekter",Danish,"Sketch sheet with self-portrait, bivouak and sculptural objects",English,,,,,,approved,,"This record contains sample data provided by CollectionSpace community members. While the record may reference real artworks, people, and organizations, the information should not be read as an accurate description of any artwork, person, or organization, or of relationships among them.",,295 x 209,height; width,295; 209,cm,,,,,,,pen; ink,,,,,,,1967,,,,,,,,,,,"Drawn on the back of duplicated typewritten flyer from ""Anti Drug League / March 1968 "" entitled ""Youth destruction""",,,
20CS.021.0183a,1,,,Skitseblad med to udkast til gips- og trådmonument,Danish,Sketch sheet with two draft plaster and wire monument,English,,,,,,approved,,"This record contains sample data provided by CollectionSpace community members. While the record may reference real artworks, people, and organizations, the information should not be read as an accurate description of any artwork, person, or organization, or of relationships among them.",,248 x 172,height; width,248; 172,cm,,,,,,,pencil,,,,,,,1968,,,,,,,,,,,Sign on the back of the fragment of regnskabsark for Danish mortgages,,,
20CS.024.1135,1,,,"Forlæg for to billeder til politikens tegneserie ""Livet i skovene""",Danish,"Model of two images of the policy cartoon ""Life in the Woods""",English,,,,,,approved,,"This record contains sample data provided by CollectionSpace community members. While the record may reference real artworks, people, and organizations, the information should not be read as an accurate description of any artwork, person, or organization, or of relationships among them.",,160 x 190,height; width,160; 190,cm,,,,,,,pen; ink; blue ink,,,,,,,1968,,,,,,,,,,,Two images pasted on underlying leaf,,,
20CS.024.1136,1,,,"Forlæg for plakaten ""Øst vest hjemme bedst"", U-2 Festival, Det ny samfund i Hithouse, Kbh. 9.-10.11 1969",Danish,"Model for the poster ""East west home is best"" U-2 Festival, the new community in Hithouse, Copenhagen. 9. - 10.11 1969",English,,,,,,approved,,"This record contains sample data provided by CollectionSpace community members. While the record may reference real artworks, people, and organizations, the information should not be read as an accurate description of any artwork, person, or organization, or of relationships among them.",,315 x 233,height; width,315; 233,cm,,,,,,,blue pen; pen; ink,,,,,,,1969,,,,,,,,,,,pen and ink on magazine photo,,,
20CS.096.0081,1,,,Skitseblad,Danish,Sketch Sheet,English,,,,,,approved,,"This record contains sample data provided by CollectionSpace community members. While the record may reference real artworks, people, and organizations, the information should not be read as an accurate description of any artwork, person, or organization, or of relationships among them.",,198 x 265,height; width,198; 265,cm,,,,,,,blue pen,,,,,,,1969,,,,,,,,,,,,,,
20CS.049.0127,1,,,Bedstemors død,Danish,Grandmothers death,English,,,,,,approved,,"This record contains sample data provided by CollectionSpace community members. While the record may reference real artworks, people, and organizations, the information should not be read as an accurate description of any artwork, person, or organization, or of relationships among them.",,149 x 224,height; width,149; 224,cm,,,,,,,coal; water,,,,,,,1978,,,,,,,,,,,,,,
20CS.005.0426,1,,,Bedstemors død,Danish,Grandmothers death,English,,,,,,approved,,"This record contains sample data provided by CollectionSpace community members. While the record may reference real artworks, people, and organizations, the information should not be read as an accurate description of any artwork, person, or organization, or of relationships among them.",,149 x 225,height; width,149; 225,cm,,,,,,,pencil,,,,,,,1978,,,,,,,,,,,,,,
20CS.011.0006,1,,,"Skitseblad med udkast til Ikastmonumentet også kaldet ""Kæmpehøj I""",Danish,"Sketch sheet with draft Ikast Monument also called ""Barrow In""",English,,,,,,approved,,"This record contains sample data provided by CollectionSpace community members. While the record may reference real artworks, people, and organizations, the information should not be read as an accurate description of any artwork, person, or organization, or of relationships among them.",,,height; width,,cm,,,,,,,pencil,,,,,,,1973,,,,,,,,,,,,,,
20CS.025.0012,1,,,"Arbejdstegning til skulpturen ""Obelisk""",Danish,"Working Drawing for sculpture ""Obelisk""",English,,,,,,approved,,"This record contains sample data provided by CollectionSpace community members. While the record may reference real artworks, people, and organizations, the information should not be read as an accurate description of any artwork, person, or organization, or of relationships among them.",,420 x 297,height; width,420; 297,cm,,,,,,,blue pen; squared paper,,,,,,,1978,,,,,,,,,,,,,,
20CS.007.0003,1,,,"Skitse efter nereiderne i Rubens Maleri ""Maria af Medici går i land i Marseille"" Louvre",Danish,"Sketch by Nereids in Rubens Painting ""Maria de Medici go ashore in Marseille,"" Louvre",English,,,,,,approved,,"This record contains sample data provided by CollectionSpace community members. While the record may reference real artworks, people, and organizations, the information should not be read as an accurate description of any artwork, person, or organization, or of relationships among them.",,194 x 310,height; width,194; 310,cm,,,,,,,pencil,,,,,,,1979,,,,,,,,,,,,,,
20CS.021.0016,1,,,"Skitse efter maleriet ""Bacchus og Adriadne""",Danish,"Sketch for the painting ""Bacchus and Adriadne""",English,,,,,,approved,,"This record contains sample data provided by CollectionSpace community members. While the record may reference real artworks, people, and organizations, the information should not be read as an accurate description of any artwork, person, or organization, or of relationships among them.",,194 x 310,height; width,194; 310,cm,,,,,,,pencil,,,,,,,1979,,,,,,,,,,,,,,
20CS.002.0062,1,,,Udkast til tagfigurerne på Gladsaxe Hovedbibliotek,Danish,Draft tagfigurerne at Gladsaxe Main Library,English,,,,,,approved,,"This record contains sample data provided by CollectionSpace community members. While the record may reference real artworks, people, and organizations, the information should not be read as an accurate description of any artwork, person, or organization, or of relationships among them.",,420 x 591,height; width,420; 591,cm,,,,,,,pencil; blue water color,,,,,,,1979,,,,,,,,,,,,,,
20CS.064.0083.1-.2,1,,,"Skitseblad med udkast til tegneserien til Hvedekorn 3, 1966",Danish,"Sketch sheet with draft comic to Hvedekorn 3, 1966",English,,,,,,approved,,"This record contains sample data provided by CollectionSpace community members. While the record may reference real artworks, people, and organizations, the information should not be read as an accurate description of any artwork, person, or organization, or of relationships among them.",,341 x 440,height; width,341; 440,cm,,,,,,,pencil,,,,,,,1965,,,,,,,,,,,,,,
20CS.021.0152,1,,,"Skitseblad med udkast til tegneserien til Hvedekorn 3, 1966",Danish,"Sketch sheet with draft comic to Hvedekorn 3, 1966",English,,,,,,approved,,"This record contains sample data provided by CollectionSpace community members. While the record may reference real artworks, people, and organizations, the information should not be read as an accurate description of any artwork, person, or organization, or of relationships among them.",,341 x 440,height; width,341; 440,cm,,,,,,,pencil,,,,,,,1965,,,,,,,,,,,,,,
20CS.068.0332,1,,,Lene Adler Petersen som Den kvindelige Kristus,Danish,Lene Adler Petersen as the female Christ,English,,,,,,approved,,"This record contains sample data provided by CollectionSpace community members. While the record may reference real artworks, people, and organizations, the information should not be read as an accurate description of any artwork, person, or organization, or of relationships among them.",,505 x 300,height; width,505; 300,cm,,,,,,,brush; black color,,,,,,,1969,,,,,,,,,,,"9 photos from the movie "" The green dress."" The photographs are pasted edge at the edge of a sheet that is shorter and wider than the overall picture.",,,
20CS.063.0138,1,,,Intuition,German,Intuition,English,,,,,,approved,,"This record contains sample data provided by CollectionSpace community members. While the record may reference real artworks, people, and organizations, the information should not be read as an accurate description of any artwork, person, or organization, or of relationships among them.",,"12 x 8-3/8 x 3-3/8""",height; width; depth,12; 8.375; 3.375,inches,,,,,,,,,,,,,,1968,,,,,Joseph Beuys,artist,,,,,"wood, graphite",,,
20CS.018.0001,1,,,Filzanzug,German,Felt Suit,English,,,,,,approved,,"This record contains sample data provided by CollectionSpace community members. While the record may reference real artworks, people, and organizations, the information should not be read as an accurate description of any artwork, person, or organization, or of relationships among them.",,,,,,,,,,,,,,,,,,,1970,,,,,Joseph Beuys,artist,,,,,"sewn felt, ink stamp",,,
20CS.018.0002,1,,,Sonnenscheibe,German,Sun Disc,English,,,,,,approved,,"This record contains sample data provided by CollectionSpace community members. While the record may reference real artworks, people, and organizations, the information should not be read as an accurate description of any artwork, person, or organization, or of relationships among them.",,,,,,,,,,,,,,,,,,,1973,,,,,Joseph Beuys,artist,,,,,"nickel-plated copper record master-mold, felt, oil paint, cardboard, offset lithograph on paper",,,
20CS.018.0003a-b,1,,,Celtic +,English,,,,,,,,approved,,"This record contains sample data provided by CollectionSpace community members. While the record may reference real artworks, people, and organizations, the information should not be read as an accurate description of any artwork, person, or organization, or of relationships among them.",,"6-3/4 x 20-1/2 x 4-1/2""",height; width; depth,6.75; 20.5; 4.5,inches,,,,,,,,,,,,,,1971,,,,,Joseph Beuys,artist,,,,,"linen covered cardboard box, cotton straps, metal, glass, cork, beeswax, gelatin, Super 8mm film, two wooden push pins, foam core board, black-and-white photographs",,,
20CS.018.0004,1,,,3-Tonnen-Edition,German,3 Ton Edition,English,,,,,,approved,,"This record contains sample data provided by CollectionSpace community members. While the record may reference real artworks, people, and organizations, the information should not be read as an accurate description of any artwork, person, or organization, or of relationships among them.",,"18-1/8 x 17-5/8""",height; width,18.125; 17.625,inches,,,,,,,,,,,,,,1973,,,,,Joseph Beuys,artist,,,,,"paint, ink, typeset printing, vinyl sheets screenprinted on both sides",,,
20CS.049.0090a-b,1,,,Schwefel Ÿberzogene Zinkkiste (tamponierte Ecke),German,Sulphur-Covered Zinc Box [Plugged Corner],English,,,,,,approved,,"This record contains sample data provided by CollectionSpace community members. While the record may reference real artworks, people, and organizations, the information should not be read as an accurate description of any artwork, person, or organization, or of relationships among them.",,,,,,,,,,,,,,,,,,,1970,,,,,Joseph Beuys,artist,,,,,"sheet zinc, sulphur, gauze, ink stamp",,,
20CS.020.0012,1,,,: Quanten,German,:Quanta,English,,,,,,approved,,"This record contains sample data provided by CollectionSpace community members. While the record may reference real artworks, people, and organizations, the information should not be read as an accurate description of any artwork, person, or organization, or of relationships among them.",,"13-1/2 x 10"" each sheet",height; width,13.5; 10,inches,,,,,,,,,,,,,,1982,,,,,Joseph Beuys,artist,,,,,two screenprints on paper,,,
20CS.009.0005-.0012,1,,,Eurasienstab Ÿber den Alpen,German,Eurasian Staff over the Alps,English,,,,,,approved,,"This record contains sample data provided by CollectionSpace community members. While the record may reference real artworks, people, and organizations, the information should not be read as an accurate description of any artwork, person, or organization, or of relationships among them.",,"4-1/8 x 5-3/4""",height; width,4.125; 5.75,inches,,,,,,,,,,,,,,1971,,,,,Joseph Beuys,artist,,,,,offset lithograph on paper,,,
20CS.016.0001,1,,,Heidelberg,German,Heidelberg,English,,,,,,approved,,"This record contains sample data provided by CollectionSpace community members. While the record may reference real artworks, people, and organizations, the information should not be read as an accurate description of any artwork, person, or organization, or of relationships among them.",,"4-1/8 x 5-3/4""",height; width,4.125; 5.75,inches,,,,,,,,,,,,,,1970,,,,,Joseph Beuys,artist,,,,,"offset lithograph, ink stamp on paper",,,
20CS.016.0002.1-.2,1,,,jeder Griff mu§ sitzen,German,Every Move Has to Be,English,,,,,,approved,,"This record contains sample data provided by CollectionSpace community members. While the record may reference real artworks, people, and organizations, the information should not be read as an accurate description of any artwork, person, or organization, or of relationships among them.",,"4 x 5-7/8""",height; width,4; 5.875,inches,,,,,,,,,,,,,,1973,,,,,Joseph Beuys,artist,,,,,offset lithograph on paper,,,
20CS.016.0003.1-.2,1,,,Klaus Staeck is mein politischer Gegner,German,Klaus Staeck is My Political Opponent,English,,,,,,approved,,"This record contains sample data provided by CollectionSpace community members. While the record may reference real artworks, people, and organizations, the information should not be read as an accurate description of any artwork, person, or organization, or of relationships among them.",,"4-1/8 x 5-7/8""",height; width,4.125; 5.875,inches,,,,,,,,,,,,,,1973,,,,,Joseph Beuys,artist,,,,,offset lithograph on paper,,,
20CS.019.0149,1,,,La rivoluzione siamo Noi,Italian,We Are the Revolution,English,,,,,,approved,,"This record contains sample data provided by CollectionSpace community members. While the record may reference real artworks, people, and organizations, the information should not be read as an accurate description of any artwork, person, or organization, or of relationships among them.",,"5-11/16 x 4""",height; width,5.6875; 4,inches,,,,,,,,,,,,,,1972,,,,,Joseph Beuys,artist,,,,,offset lithograph on paper,,,
20CS.019.0150,1,,,Post Card,English,,English,,,,,,approved,,"This record contains sample data provided by CollectionSpace community members. While the record may reference real artworks, people, and organizations, the information should not be read as an accurate description of any artwork, person, or organization, or of relationships among them.",,"6-1/4 x 4""",height; width,6.25; 4,inches,,,,,,,,,,,,,,1970,,,,,Joseph Beuys,artist,,,,,offset lithograph on paper,,,
20CS.019.0155,1,,,Signatur 1956,German,Signature 1956,English,,,,,,approved,,"This record contains sample data provided by CollectionSpace community members. While the record may reference real artworks, people, and organizations, the information should not be read as an accurate description of any artwork, person, or organization, or of relationships among them.",,"4-1/4 x 5-7/8""",height; width,4.25; 5.875,inches,,,,,,,,,,,,,,1973,,,,,Joseph Beuys,artist,,,,,offset lithograph on paper,,,
20CS.019.0156,1,,,DDR-Tÿten,German,GDR Paper Bags,English,,,,,,approved,,"This record contains sample data provided by CollectionSpace community members. While the record may reference real artworks, people, and organizations, the information should not be read as an accurate description of any artwork, person, or organization, or of relationships among them.",,"6-15/16 x 5""",height; width,6.9375; 5,inches,,,,,,,,,,,,,,1977-1980,,,,,Joseph Beuys,artist,,,,,offset lithograph on paper,,,
20CS.017.0299,1,,,Filzwinkel,German,Felt Angle,English,,,,,,approved,,"This record contains sample data provided by CollectionSpace community members. While the record may reference real artworks, people, and organizations, the information should not be read as an accurate description of any artwork, person, or organization, or of relationships among them.",,14-1/16 x 4-1/8 x 3/8,height; width; depth,14.0625; 4.125; .375,inches,,,,,,,,,,,,,,1985,,,,,Joseph Beuys,artist,,,,,offset lithograph on paper bag,,,
20CS.002.0017,1,,,Grassello Ca(OH)2 + H2O,German,,,,,,,,approved,,"This record contains sample data provided by CollectionSpace community members. While the record may reference real artworks, people, and organizations, the information should not be read as an accurate description of any artwork, person, or organization, or of relationships among them.",,"12-7/16 x 9-1/16 x 1/4""",height; width; depth,12.4375; 9.0625; .25,inches,,,,,,,,,,,,,,1979,,,,,Joseph Beuys,artist,,,,,felt,,,
20CS.024.0011a-b,1,,,New Beginnings Are in the Offing,English,,,,,,,,approved,,"This record contains sample data provided by CollectionSpace community members. While the record may reference real artworks, people, and organizations, the information should not be read as an accurate description of any artwork, person, or organization, or of relationships among them.",,"_x001D_27-1/16 X 21-1/16 X 1-1/2""",height; width; depth,27.0625; 21.0625; 1.5,inches,,,,,,,,,,,,,,1981,,,,,Joseph Beuys,artist,,,,,"offset lithographs on paper, soft bound, ink stamp on paper",,,
20CS.024.0007a-b,1,,,Filz-TV,German,Felt TV,English,,,,,,approved,,"This record contains sample data provided by CollectionSpace community members. While the record may reference real artworks, people, and organizations, the information should not be read as an accurate description of any artwork, person, or organization, or of relationships among them.",,"3-9/16 x 18-3/16 x 24""",height; width; depth,3.5625; 18.1875; 24,inches,,,,,,,,,,,,,,1970,,,,,Joseph Beuys,artist,,,,,offset lithograph on paper,,,
20CS.024.0008a-b,1,,,1a gebratene FischgrŠte,German,First-Class Fried Fish Bones,English,,,,,,approved,,"This record contains sample data provided by CollectionSpace community members. While the record may reference real artworks, people, and organizations, the information should not be read as an accurate description of any artwork, person, or organization, or of relationships among them.",,"7-1/4 x 9-1/2 -1/2"" closed",height; width; depth,7.25; 9.5; .5,inches,,,,,,,,,,,,,,1972,,,,,Joseph Beuys,artist,,,,,16 color photographs mounted on paper,,,
20CS.024.0009a-b,1,,,aus Frammenti Veneziani,German,from Frammenti Veneziani,English,,,,,,approved,,"This record contains sample data provided by CollectionSpace community members. While the record may reference real artworks, people, and organizations, the information should not be read as an accurate description of any artwork, person, or organization, or of relationships among them.",,"13-3/4 x 19-5/8"" each",height; width,13.75; 19.625,inches,,,,,,,,,,,,,,1980,,,,,Joseph Beuys,artist,,,,,"16 color photographs mounted on cardboard, cardboard box",,,
20CS.024.0012a-b,1,,,aus Frammenti Veneziani,German,from Frammenti Veneziani,English,,,,,,approved,,"This record contains sample data provided by CollectionSpace community members. While the record may reference real artworks, people, and organizations, the information should not be read as an accurate description of any artwork, person, or organization, or of relationships among them.",,"13-3/4 x 19-5/8""",height; width,13.75; 19.625,inches,,,,,,,,,,,,,,1980,,,,,Joseph Beuys,artist,,,,,"felt, pair of boxing gloves, 16mm film in metal container, blood sausage, ink stamps, oil paint",,,
20CS.024.0014,1,,,aus Frammenti Veneziani,German,from Frammenti Veneziani,English,,,,,,approved,,"This record contains sample data provided by CollectionSpace community members. While the record may reference real artworks, people, and organizations, the information should not be read as an accurate description of any artwork, person, or organization, or of relationships among them.",,"13-3/4 x 19-5/8""",height; width,13.75; 19.625,inches,,,,,,,,,,,,,,1980,,,,,Joseph Beuys,artist,,,,,paper bound offset book,,,
20CS.019.0154.1-.12,1,,,aus Frammenti Veneziani,German,from Frammenti Veneziani,English,,,,,,approved,,"This record contains sample data provided by CollectionSpace community members. While the record may reference real artworks, people, and organizations, the information should not be read as an accurate description of any artwork, person, or organization, or of relationships among them.",,"13-3/4 x 19-5/8""",height; width,13.75; 19.625,inches,,,,,,,,,,,,,,1980,,,,,Joseph Beuys,artist,,,,,"screenprint, graphite on paper",,,
20CS.007.0125a-b,1,,,aus Frammenti Veneziani,German,from Frammenti Veneziani,English,,,,,,approved,,"This record contains sample data provided by CollectionSpace community members. While the record may reference real artworks, people, and organizations, the information should not be read as an accurate description of any artwork, person, or organization, or of relationships among them.",,"13-3/4 x 19-5/8""",height; width,13.75; 19.625,inches,,,,,,,,,,,,,,1980,,,,,Joseph Beuys,artist,,,,,"screenprint, graphite on paper",,,
20CS.218.0003,1,,,,,,,,,Drums,,,approved,Rectangular wooden frame covered both sides by rawhide decorated with painted black triangles around perimeter. Rawhide handles at each end.,"This record contains sample data provided by CollectionSpace community members. While the record may reference real artworks, people, and organizations, the information should not be read as an accurate description of any artwork, person, or organization, or of relationships among them.",,61 x 40,length; width,61; 40,cm,,,,,,,rawhide; wood; paint,,,,,,,,,,Tolowa,,,,California,,,,,,,
20CS.118.0004,1,,,,,,,,,Gourd rattle,,,approved,"Gourd rattle, globular; holes drilled in gourd in regular pattern","This record contains sample data provided by CollectionSpace community members. While the record may reference real artworks, people, and organizations, the information should not be read as an accurate description of any artwork, person, or organization, or of relationships among them.",,,,,,,,,,,,gourd,,,,,,,,,,American cultures,,,,Lower Colorado River,,,,,,,
20CS.249.0090,1,,,,,,,,,Basket,,,approved,"Globular, coiled, many cuts on rim, incurving rim.","This record contains sample data provided by CollectionSpace community members. While the record may reference real artworks, people, and organizations, the information should not be read as an accurate description of any artwork, person, or organization, or of relationships among them.",,33.4 x 17,diameter; height,33.4; 17,cm,,,,,,,,,,,,,,,,,Tohono O'odham,,,,Southwest,,,,,,,
20CS.120.0012,1,,,,,,,,,Vase,,,approved,"Large double neck,""wedding jar"". Black ware, polished, cracked in one area.","This record contains sample data provided by CollectionSpace community members. While the record may reference real artworks, people, and organizations, the information should not be read as an accurate description of any artwork, person, or organization, or of relationships among them.",,31.5 x 36.5 x 73,height; diameter; circumference,31.5; 36.5; 73,cm,,,,,,,clay,,,,,,,,,,Tesuque,,,,Tesuque,,,,coiled; fired,,,
"20CS.209.0005a,b",2,,,,,,,,,Figurines,,,approved,"Figurines. Clay figures of dogs with painted decorations in browns and dull red-brown on cream color background, unglazed. (a) dog sitting, H 8 cm; (b) dog standing,","This record contains sample data provided by CollectionSpace community members. While the record may reference real artworks, people, and organizations, the information should not be read as an accurate description of any artwork, person, or organization, or of relationships among them.",,8.9,height,8.9,cm,,,,,,,clay; paint,,,,,,,,,,American cultures,,,,Guerrero state,,,,,,,
20CS.316.0001,1,,,,,,,,,Mask,,,approved,"mask; long necked mask w/ 2 human heads back to back, each w/ pair of horns above; heads are painted white w/ red and black features; reddish brown pigment between faces; 4 lacing holes in neck w/ plaited yellow raffia (?) through them; h. 41.1 cm.","This record contains sample data provided by CollectionSpace community members. While the record may reference real artworks, people, and organizations, the information should not be read as an accurate description of any artwork, person, or organization, or of relationships among them.",,41.1,height,41.1,cm,,,,,,,ox horn; wood; paint,,,,,,,,,,African cultures,,,,Nigeria,,,,dyed; woven,,,
20CS.216.0002,1,,,,,,,,,Prayer wheel,,,approved,"Tibetan prayer wheel; plain on the outside, but with a tightly wound scroll, carefully enclosed in a sewn cloth sheath, and fit precisely to the copper cylinder. It spins easily on an ingeniously crafted bearing made of carved wood and shell, and is able to facilitate millions of revolutions without breaking down or causing undue friction. A coil of mantras, often hundreds of thousands of mantras, printed from wood blocks on long scrolls, is within the copper cylinder.","This record contains sample data provided by CollectionSpace community members. While the record may reference real artworks, people, and organizations, the information should not be read as an accurate description of any artwork, person, or organization, or of relationships among them.",,7 x 6.4 x 28.6,length; width; height,7; 6.4; 28.6,cm,,,,,,,shell; cotton; wood; copper; iron; paper,,,,,,,,,,,,,,Tibet,,,,carved,,,
20CS.116.0003,1,,,,,,,,,Sheath,,,approved,"sheath, knife, leather; made for curved cutting edge blade; leather backing; outer side decorated with proliferation of polychrome seed beads, forming geometric designs and two abstract human faces in low relief; leather thong at proximal end of sheath","This record contains sample data provided by CollectionSpace community members. While the record may reference real artworks, people, and organizations, the information should not be read as an accurate description of any artwork, person, or organization, or of relationships among them.",,48.5 x 8,length; width,48.5; 8,cm,,,,,,,leather and fur; seeds,,,,,,,,,,Yoruba,,,,Nigeria,,,,,,,
20CS.219.0149,1,,,,,,,,,Cradle board,,,approved,"Hualapai toy cradle board. Broad is of willow sticks attached to an oval frame with a full hoop head shade, decorated with red and white cotton strips and blue and white strings of beads. Sides and shade have red cotton winding and straps are red, white & blue braided yarn.","This record contains sample data provided by CollectionSpace community members. While the record may reference real artworks, people, and organizations, the information should not be read as an accurate description of any artwork, person, or organization, or of relationships among them.",,7.75,length,7.75,cm,,,,,,,cotton; willow,,,,,,,,,,Walapai,,,,Arizona,,,,braided,,,
20CS.219.0150,1,,,,,,,,,Food and drinks,,,approved,String of wild turnips; braided.,"This record contains sample data provided by CollectionSpace community members. While the record may reference real artworks, people, and organizations, the information should not be read as an accurate description of any artwork, person, or organization, or of relationships among them.",,,,,,,,,,,,,,,,,,,,,,Omaha,,,,United States,,,,braided,,,
20CS.319.0155,1,,,,,,,,,Vessels,,,approved,Ceramic bird vessel,"This record contains sample data provided by CollectionSpace community members. While the record may reference real artworks, people, and organizations, the information should not be read as an accurate description of any artwork, person, or organization, or of relationships among them.",,,,,,,,,,,,,,,,,,,,,,American cultures,,,,Puebla state,,,,,,,
20CS.219.0156,1,,,,,,,,,Doll,,,approved,"Comanche man doll. Cloth doll with embroidered features, black coarse thread hair in two braids. Dressed in white buckskin mocassins with silver button trim; heavily fringed and lightly beaded leggings; red felt breechclout; white buckskin shirt witha bit of beading; two stands of red beads around shoulders.","This record contains sample data provided by CollectionSpace community members. While the record may reference real artworks, people, and organizations, the information should not be read as an accurate description of any artwork, person, or organization, or of relationships among them.",,11.25,height,11.25,cm,,,,,,,deerskin; silver; textile,,,,,,,,,,Comanche,,,,The Americas,,,,beaded; embroidered,,,
20CS.117.0299,1,,,,,,,,,Whistle,,,approved,Ceramic whistle,"This record contains sample data provided by CollectionSpace community members. While the record may reference real artworks, people, and organizations, the information should not be read as an accurate description of any artwork, person, or organization, or of relationships among them.",,,,,,,,,,,,ceramic,,,,,,,,,,Maya civilization,,,,Campeche state,,,,,,,
20CS.202.0017,1,,,,,,,,,Necklace,,,approved,"necklace; 8 plain silver medallions, 2 tubular silver beads, 2 round silver beads, 1 central silver repousse medallion w/ bird design and 6 rings w/ 3 silver bells suspended from each strung on black cotton cord w/ red and gold thread accents, pink silk floss tassel. Circumference (as worn) approx. 46 cm.","This record contains sample data provided by CollectionSpace community members. While the record may reference real artworks, people, and organizations, the information should not be read as an accurate description of any artwork, person, or organization, or of relationships among them.",,46,length,46,cm,,,,,,,silk; cotton; gold plate; silver,,,,,,,,,,,,,,Udaipur District,,,,strung,,,
20CS.224.0011,1,,,,,,,,,Offering bowl,,,approved,Pottery bowl; out turned rim; upper half wall verticle and smooth; lower half rough slanting inward to flat base; undecorated; wheel turned.,"This record contains sample data provided by CollectionSpace community members. While the record may reference real artworks, people, and organizations, the information should not be read as an accurate description of any artwork, person, or organization, or of relationships among them.",,5.5 x 10.7,height; diameter,5.5; 10.7,cm,,,,,,,pottery,,,,,,,,,,Maya civilization,,,,Campeche state,,,,,,,